Name,X (cm),Y (cm),Z (cm),theta (degrees),phi (degrees)
Scatterer,0,0,-11.975,0,0
Source,29.0,0,0,179.99999914622637,0.0
Absorber1,-26.975,0,-12.847,20.58573785911392,0.0
Absorber2,-26.975,0,12.847,65.05705679590261,0.0
Absorber3,-5,0,11.975,100.64507940358648,0.0
Absorber4,5,0,11.975,124.22941966859071,0.0
Absorber5,-5,-11.975,0,89.83459498518575,-42.70078488001016
Absorber6,-5,11.975,0,89.83459498518575,42.70078488001016
